MedInc,HouseAge,AveRooms,AveBedrms,Population,AveOccup,Latitude,Longitude,MedianHouseValue
3.9792,3.0,7.2354485776805255,1.1155361050328227,7588.0,3.3207877461706783,34.48,-117.36,1.221
2.2071,35.0,5.1940298507462686,0.9936034115138592,1730.0,3.6886993603411513,37.41,-120.79,0.859
4.5461,42.0,5.629032258064516,1.0725806451612903,1713.0,2.7629032258064514,34.16,-118.08,2.424
6.6988,26.0,7.2,0.9566265060240964,1371.0,3.3036144578313253,34.0,-117.99,3.825
4.1659,36.0,5.887545344619105,1.053204353083434,1899.0,2.2962515114873034,37.99,-122.59,3.02
2.6897,33.0,4.467661691542289,0.945273631840796,470.0,2.3383084577114426,38.62,-121.32,1.483
7.8279,32.0,7.142857142857143,1.0591133004926108,1551.0,2.5467980295566504,37.27,-122.03,5.00001
1.7375,37.0,3.3127705627705626,1.0064935064935066,2556.0,2.7662337662337664,37.88,-122.34,3.5
10.7326,11.0,8.561622464898596,1.1014040561622465,1947.0,3.0374414976599065,37.3,-122.06,5.00001
1.7538,24.0,7.034591194968553,1.3647798742138364,834.0,2.6226415094339623,40.9,-121.64,0.903
4.0,31.0,4.990521327014218,1.0900473933649288,686.0,3.251184834123223,33.95,-118.15,2.632
4.9135,52.0,6.67654986522911,1.0377358490566038,993.0,2.6765498652291106,34.16,-118.25,3.681
4.4,25.0,7.23021582733813,1.143884892086331,390.0,2.805755395683453,37.7,-120.94,1.741
1.6522,37.0,4.897435897435898,1.0073260073260073,767.0,2.8095238095238093,35.31,-119.0,0.533
1.775,40.0,2.6875,1.0653409090909092,700.0,1.9886363636363635,37.82,-122.27,1.125
4.1861,52.0,4.1735537190082646,1.0082644628099173,573.0,2.3677685950413223,33.99,-118.45,3.632
3.3188,32.0,6.420704845814978,1.0837004405286343,1292.0,2.845814977973568,38.66,-121.3,1.171
2.346,38.0,3.2733918128654973,1.054093567251462,984.0,1.4385964912280702,33.77,-118.17,1.656
4.9861,52.0,6.167400881057269,0.9559471365638766,522.0,2.299559471365639,37.44,-122.15,5.00001
5.6875,14.0,6.170871559633028,0.9988532110091743,2296.0,2.63302752293578,37.98,-122.09,2.11
1.9707,12.0,5.213774597495528,1.170840787119857,2711.0,2.424865831842576,33.77,-116.98,1.079
2.3077,40.0,3.103151862464183,0.9140401146131805,1843.0,5.28080229226361,34.2,-119.17,1.069
7.7889,26.0,8.730038022813687,1.0456273764258555,842.0,3.2015209125475286,34.19,-118.88,3.099
2.3454,33.0,2.8876404494382024,1.0589887640449438,753.0,2.115168539325843,34.43,-119.72,2.438
4.4597,29.0,5.61578947368421,1.1228070175438596,1722.0,3.0210526315789474,37.14,-122.11,2.041
5.125,36.0,5.419607843137255,1.007843137254902,685.0,2.6862745098039214,33.9,-118.01,2.117
2.1484,52.0,5.1923076923076925,1.3076923076923077,93.0,3.576923076923077,37.72,-122.39,1.813
5.1664,32.0,5.825454545454545,1.1527272727272728,752.0,2.7345454545454544,37.16,-122.12,1.851
3.8542,5.0,3.8246187363834423,1.0980392156862746,1599.0,1.7418300653594772,32.87,-117.22,1.766
3.8426,16.0,4.70694087403599,1.0025706940874035,1347.0,3.462724935732648,33.85,-118.03,3.444
1.7238,33.0,1.9268774703557312,1.034584980237154,3707.0,3.6630434782608696,34.06,-118.26,1.1
1.4042,46.0,4.4015748031496065,1.1811023622047243,786.0,3.094488188976378,33.98,-118.29,1.1
2.9145,19.0,3.5274725274725274,1.086080586080586,881.0,1.6135531135531136,37.85,-122.47,1.404
3.75,28.0,5.136246786632391,1.06426735218509,1124.0,2.8894601542416454,34.11,-117.77,1.809
2.3571,25.0,3.7448979591836733,0.9693877551020408,543.0,1.846938775510204,34.01,-118.39,3.406
3.9219,37.0,4.024024024024024,0.975975975975976,928.0,2.7867867867867866,34.12,-118.0,1.75
2.3152,10.0,3.4055944055944054,1.1048951048951048,631.0,2.2062937062937062,37.97,-122.04,1.406
1.7328,44.0,4.053061224489796,1.1693877551020408,1044.0,2.130612244897959,38.56,-121.47,0.881
3.0536,35.0,5.318435754189944,0.994413407821229,480.0,2.6815642458100557,40.62,-124.18,1.07
3.125,44.0,4.11328125,0.98046875,941.0,3.67578125,34.08,-118.15,2.056
3.055,6.0,5.528,1.0346666666666666,826.0,2.2026666666666666,38.52,-122.76,2.241
1.8375,21.0,5.372670807453416,1.0869565217391304,982.0,3.049689440993789,39.86,-122.23,0.798
4.3125,34.0,5.535433070866142,1.0,369.0,2.905511811023622,34.19,-118.61,2.101
7.7068,35.0,7.126984126984127,1.0952380952380953,548.0,2.8994708994708995,37.35,-122.08,5.00001
4.2569,23.0,5.643659711075442,1.0609951845906902,1465.0,2.351524879614767,37.94,-122.02,2.131
3.18,32.0,4.167010309278351,1.0804123711340206,973.0,2.0061855670103093,32.77,-117.25,3.625
2.375,10.0,4.064456721915286,1.1860036832412524,2232.0,4.110497237569061,34.95,-120.45,0.985
7.8496,39.0,6.528888888888889,1.0044444444444445,553.0,2.457777777777778,33.63,-117.92,4.908
3.1458,42.0,4.645320197044335,0.8423645320197044,466.0,2.2955665024630543,33.94,-117.4,1.16
3.2386,43.0,3.942622950819672,1.0368852459016393,658.0,2.69672131147541,34.08,-118.27,1.85
3.1932,51.0,5.3509933774834435,1.2384105960264902,608.0,2.013245033112583,36.93,-122.0,4.0
3.7315,20.0,7.368303571428571,1.7388392857142858,1085.0,2.421875,37.58,-118.74,1.593
5.3773,27.0,5.836330935251799,1.0881294964028776,1572.0,2.827338129496403,33.84,-118.37,3.79
4.1591,27.0,5.381834215167548,1.101410934744268,3026.0,2.6684303350970016,37.55,-122.0,3.324
8.6573,16.0,7.598615916955017,0.9930795847750865,949.0,3.283737024221453,34.14,-117.65,3.54
3.3176,14.0,4.012886597938144,0.9961340206185567,1592.0,2.051546391752577,32.89,-117.21,1.561
5.3403,43.0,6.020242914979757,0.979757085020243,675.0,2.7327935222672064,34.01,-118.43,4.898
2.0208,43.0,3.2962962962962963,0.6666666666666666,86.0,3.185185185185185,39.18,-122.91,0.725
4.3281,49.0,5.825622775800712,1.0818505338078293,729.0,2.5943060498220643,37.76,-122.49,3.231
4.005,7.0,4.966767371601208,1.0211480362537764,1143.0,3.4531722054380665,36.84,-121.44,1.804
4.55,28.0,6.037356321839081,0.9683908045977011,1061.0,3.0488505747126435,33.92,-117.5,1.468
2.7477,4.0,4.509516837481699,1.2108345534407028,1195.0,1.7496339677891655,38.68,-121.26,1.33
5.6315,34.0,4.5405982905982905,1.064102564102564,1052.0,2.247863247863248,33.62,-117.93,4.846
3.9,7.0,6.554716981132075,1.0943396226415094,747.0,2.818867924528302,39.74,-121.87,1.47
2.0288,20.0,4.567204301075269,1.0362903225806452,1231.0,1.6545698924731183,37.25,-121.81,3.5
3.5,35.0,4.806179775280899,0.9410112359550562,825.0,2.317415730337079,34.08,-117.89,2.156
5.5138,7.0,6.9498644986449865,1.1111111111111112,2824.0,3.8265582655826558,38.15,-122.22,1.711
3.9826,25.0,5.745980707395498,1.0,1108.0,3.562700964630225,33.03,-117.27,2.158
2.2167,40.0,6.101123595505618,1.1348314606741574,259.0,2.9101123595505616,37.73,-122.38,1.938
2.3725,30.0,4.803059273422562,1.1414913957934991,1390.0,2.6577437858508604,34.12,-117.22,0.772
3.7821,5.0,5.505763688760807,1.015850144092219,2179.0,3.139769452449568,36.79,-119.89,0.804
5.0602,52.0,5.543689320388349,1.087378640776699,494.0,2.3980582524271843,37.73,-122.43,2.989
3.2197,17.0,6.53781512605042,0.984873949579832,2791.0,4.690756302521009,32.8,-117.11,0.675
2.2625,48.0,4.427038626609442,1.03862660944206,1054.0,2.2618025751072963,37.85,-122.28,1.329
3.3534,41.0,4.318367346938776,0.9306122448979591,778.0,3.1755102040816325,34.21,-118.61,1.805
3.0907,11.0,5.013986013986014,1.0195804195804197,2769.0,3.8727272727272726,38.03,-121.28,0.941
3.5223,8.0,8.591549295774648,1.7195902688860436,2069.0,2.649167733674776,33.81,-116.43,1.151
2.9781,35.0,5.565537555228277,1.0471281296023565,2493.0,3.6715758468335786,38.0,-122.33,1.09
2.84,41.0,4.07900677200903,0.9977426636568849,1628.0,3.674943566591422,33.94,-118.21,1.561
2.8919,52.0,5.140506329113924,1.089873417721519,2290.0,2.8987341772151898,34.1,-118.14,2.584
4.665,23.0,5.84,1.0847058823529412,1048.0,2.4658823529411764,33.42,-117.6,2.806
3.4833,23.0,4.259933774834437,1.1390728476821192,1478.0,2.447019867549669,33.79,-118.14,2.094
3.1902,29.0,5.145098039215687,1.0470588235294118,922.0,3.615686274509804,33.77,-117.99,2.024
3.1629,33.0,3.658,1.024,1345.0,2.69,34.18,-118.37,1.989
2.85,38.0,3.7934782608695654,0.9934782608695653,1547.0,3.3630434782608694,34.09,-118.14,2.19
5.611,36.0,5.727891156462585,1.0249433106575965,996.0,2.258503401360544,33.98,-118.4,4.566
3.1012,34.0,3.6923076923076925,0.9467455621301775,1960.0,5.798816568047338,33.9,-118.18,1.404
3.5313,48.0,5.419889502762431,0.9834254143646409,704.0,1.9447513812154695,38.57,-121.45,1.479
3.3462,32.0,5.715672676837725,1.0471567267683772,2590.0,3.592233009708738,35.37,-118.91,0.676
5.8632,52.0,6.956228956228956,1.0740740740740742,981.0,3.303030303030303,34.07,-118.34,4.5
2.2844,27.0,4.104542177361211,1.0720980533525595,2334.0,1.6827685652487383,38.62,-121.39,1.705
5.1702,18.0,4.333333333333333,1.1508295625942684,1243.0,1.8748114630467572,37.76,-122.29,2.654
2.309,18.0,5.456422018348624,1.0275229357798166,1638.0,3.756880733944954,36.6,-119.55,0.571
7.4111,52.0,6.766381766381766,1.0512820512820513,930.0,2.6495726495726495,34.11,-118.15,4.691
1.2413,11.0,3.9677002583979326,1.177002583979328,2812.0,3.6330749354005167,32.69,-117.1,0.831
3.5,37.0,4.635036496350365,0.9927007299270073,1092.0,3.9854014598540144,33.98,-118.09,1.607
1.4,31.0,2.806451612903226,1.0241935483870968,913.0,3.681451612903226,36.95,-120.05,0.525
4.1325,13.0,5.064,1.037090909090909,3892.0,2.8305454545454545,33.85,-117.95,2.035
2.79,41.0,4.067484662576687,1.0511247443762781,1015.0,2.0756646216768915,32.75,-117.24,2.26
2.1587,25.0,3.193548387096774,1.0874363327674024,4015.0,3.4083191850594226,33.95,-118.34,1.438
4.4042,9.0,5.416452442159383,1.056555269922879,1138.0,2.9254498714652954,34.02,-117.65,1.591
4.4083,41.0,4.311546840958606,1.0806100217864925,1157.0,2.520697167755991,34.23,-118.25,2.177
5.244,35.0,5.488970588235294,0.9816176470588235,811.0,2.9816176470588234,33.8,-117.96,2.18
3.1711,52.0,5.058309037900875,1.0116618075801749,712.0,2.075801749271137,38.23,-122.65,2.008
1.4066,39.0,4.633123689727463,1.0440251572327044,1752.0,3.6729559748427674,34.12,-117.32,0.664
2.1591,23.0,4.346938775510204,1.0087463556851313,1223.0,3.565597667638484,37.93,-121.28,0.678
2.9866,45.0,5.4412811387900355,1.1281138790035588,793.0,2.8220640569395017,38.89,-121.3,0.913
2.3523,34.0,3.697802197802198,0.9505494505494505,539.0,2.9615384615384617,36.86,-120.45,0.66
6.3303,14.0,6.028358208955224,0.9985074626865672,1905.0,2.843283582089552,33.92,-117.87,3.03
2.8125,33.0,5.099514563106796,1.1359223300970873,1997.0,4.847087378640777,34.06,-117.16,1.172
3.0833,42.0,6.027027027027027,0.9684684684684685,617.0,2.779279279279279,36.7,-119.63,1.333
3.9615,36.0,5.964601769911504,1.0044247787610618,1192.0,2.6371681415929205,34.7,-118.15,1.163
5.2124,9.0,5.329931972789115,1.0170068027210883,675.0,2.295918367346939,33.67,-117.81,1.996
3.4318,31.0,5.199186991869919,1.0406504065040652,1164.0,2.3658536585365852,32.83,-117.22,2.004
4.4213,11.0,7.34593572778828,1.1323251417769375,1605.0,3.0340264650283553,37.74,-121.11,1.827
5.246,11.0,7.290148448043185,1.0074224021592442,5221.0,3.5229419703103915,34.14,-117.38,1.614
5.3911,27.0,5.452586206896552,0.9310344827586207,660.0,2.8448275862068964,37.24,-121.92,2.812
9.0776,5.0,7.9140022050716645,0.9900771775082691,2823.0,3.1124586549062845,37.81,-121.95,4.504
2.0147,16.0,4.598997493734336,1.0776942355889725,599.0,1.5012531328320802,33.18,-117.31,0.877
4.3533,35.0,4.9877622377622375,1.027972027972028,1761.0,3.0786713286713288,37.69,-121.78,1.684
5.9619,20.0,4.907444668008048,0.9537223340040242,1219.0,2.4527162977867203,33.88,-118.37,3.359
4.6563,7.0,3.933530280649926,0.948301329394387,1367.0,2.019202363367799,33.87,-117.87,1.624
5.6921,45.0,5.50761421319797,1.017766497461929,1043.0,2.6472081218274113,34.13,-118.24,2.69
7.5443,33.0,6.309523809523809,1.0386904761904763,907.0,2.699404761904762,37.29,-121.98,2.83
2.75,39.0,4.109489051094891,1.0072992700729928,682.0,4.978102189781022,34.04,-118.17,1.5
2.1542,36.0,3.8597014925373134,0.9313432835820895,1128.0,3.3671641791044777,34.2,-119.19,2.539
7.419,41.0,6.725165562913907,0.9735099337748344,859.0,2.8443708609271523,34.2,-118.19,4.837
4.8702,33.0,7.047297297297297,1.0608108108108107,425.0,2.8716216216216215,37.95,-122.08,2.356
5.741,35.0,6.46067415730337,1.0393258426966292,741.0,4.162921348314606,34.27,-118.47,2.206
5.0877,26.0,6.097058823529411,1.088235294117647,952.0,2.8,33.46,-117.66,2.881
3.9167,36.0,5.695652173913044,0.9057971014492754,408.0,2.9565217391304346,32.62,-117.06,1.897
2.9861,34.0,3.6834170854271355,1.020100502512563,2488.0,4.16750418760469,34.2,-118.37,1.718
3.375,36.0,4.9411764705882355,0.7058823529411765,29.0,1.7058823529411764,34.47,-118.48,1.875
3.7188,34.0,5.285302593659942,1.0864553314121037,1450.0,4.178674351585014,37.36,-121.82,1.615
4.1053,5.0,5.11328125,1.052734375,1320.0,2.578125,33.14,-117.13,1.714
4.2768,21.0,5.487870619946092,1.0152740341419586,3244.0,2.914645103324349,33.87,-118.27,1.814
5.5133,37.0,4.593220338983051,0.8898305084745762,355.0,3.0084745762711864,33.9,-118.34,2.273
6.5587,27.0,6.227642276422764,0.9214092140921409,1071.0,2.902439024390244,34.12,-117.65,2.39
1.275,19.0,4.2269736842105265,1.3486842105263157,1431.0,2.3536184210526314,32.8,-114.55,0.561
2.2708,34.0,3.53,1.102,2203.0,4.406,34.07,-118.2,1.596
3.6037,5.0,3.5841836734693877,1.3137755102040816,725.0,1.8494897959183674,37.78,-122.39,1.875
3.5954,13.0,5.387195121951219,1.0416666666666667,2870.0,2.9166666666666665,34.04,-117.7,1.63
2.8068,24.0,4.391203703703703,0.9814814814814815,2225.0,2.5752314814814814,38.68,-121.79,0.953
2.6734,26.0,4.238938053097345,1.1880530973451326,2340.0,2.588495575221239,33.97,-118.35,1.434
2.7264,32.0,4.547846889952153,0.9569377990430622,946.0,2.263157894736842,33.63,-117.91,3.111
2.1078,34.0,4.144230769230769,1.0384615384615385,1876.0,4.509615384615385,33.96,-118.24,1.006
4.635,33.0,6.052380952380952,1.1095238095238096,1099.0,2.6166666666666667,38.46,-122.4,2.485
6.7613,29.0,6.277027027027027,1.0698198198198199,1182.0,2.6621621621621623,33.86,-118.38,3.527
4.9271,21.0,5.1117117117117115,0.9279279279279279,2031.0,3.6594594594594594,33.99,-117.87,2.097
2.7857,11.0,4.851380042462845,1.059447983014862,1468.0,3.1167728237791934,37.47,-120.84,1.103
5.9346,27.0,6.707762557077626,0.9863013698630136,578.0,2.6392694063926943,37.94,-121.95,2.536
1.7395,19.0,2.934560327198364,1.043967280163599,3325.0,3.3997955010224947,34.06,-118.24,1.625
2.32,25.0,4.517676767676767,1.3535353535353536,1134.0,2.8636363636363638,38.95,-119.94,0.913
5.0384,35.0,6.228070175438597,1.0292397660818713,574.0,3.3567251461988303,33.89,-118.0,2.008
4.9583,33.0,6.5515320334261835,1.0389972144846797,995.0,2.7715877437325904,34.13,-118.03,4.457
5.8783,34.0,6.326820603907637,1.0035523978685612,1542.0,2.738898756660746,37.6,-122.42,4.051
5.0731,9.0,5.071698113207547,1.0528301886792453,530.0,2.0,33.88,-117.97,1.851
4.0819,14.0,39.75590551181102,6.082677165354331,701.0,2.7598425196850394,39.28,-120.18,1.413
3.2331,33.0,5.987421383647798,1.0817610062893082,369.0,2.3207547169811322,37.63,-122.04,2.267
7.7197,8.0,9.0,1.2857142857142858,25.0,3.5714285714285716,34.02,-117.61,2.75
4.1016,4.0,4.709327548806941,1.295010845986985,928.0,2.013015184381779,37.99,-121.89,1.705
1.7857,41.0,4.847184986595174,1.1662198391420913,1005.0,2.6943699731903483,35.41,-119.03,0.543
7.2165,25.0,5.674358974358975,0.9230769230769231,1066.0,2.7333333333333334,37.37,-122.01,3.609
3.7065,36.0,5.235807860262009,1.1353711790393013,665.0,2.903930131004367,34.89,-117.05,0.62
3.125,10.0,21.095238095238095,5.285714285714286,48.0,2.2857142857142856,36.19,-118.37,0.713
1.815,52.0,2.8531468531468533,1.0,313.0,2.1888111888111887,32.73,-117.17,1.167
4.2743,28.0,6.077338129496403,0.9928057553956835,1543.0,2.7751798561151078,38.68,-121.34,1.24
7.203,19.0,7.205056179775281,1.0407303370786516,1887.0,2.6502808988764044,37.83,-122.11,3.699
4.25,49.0,5.652509652509653,1.166023166023166,636.0,2.4555984555984556,37.62,-122.41,2.841
0.8252,15.0,5.05,1.35,145.0,3.625,39.48,-121.57,0.425
2.5643,21.0,4.229224376731302,1.0796398891966759,2805.0,1.9425207756232687,34.06,-117.19,1.027
3.2448,20.0,4.204528853177502,1.078889700511322,4031.0,2.944485025566107,34.21,-118.44,2.212
3.6696,40.0,5.230769230769231,1.0796703296703296,1183.0,3.25,34.1,-118.09,2.104
1.2434,52.0,4.3619047619047615,1.05,1186.0,2.823809523809524,34.02,-118.31,0.984
4.0268,36.0,5.0847784200385355,1.0269749518304432,1209.0,2.3294797687861273,37.7,-122.18,2.055
5.0753,35.0,5.5125,1.1208333333333333,1084.0,4.516666666666667,33.9,-118.11,1.78
5.5791,32.0,6.610223642172524,1.0095846645367412,1541.0,2.461661341853035,37.99,-122.51,4.333
3.6852,52.0,4.710280373831775,1.0,651.0,2.02803738317757,32.74,-117.13,1.853
1.9923,42.0,2.9171029668411865,1.0322862129144852,3480.0,3.0366492146596857,34.05,-118.32,2.5
1.9583,41.0,3.719367588932806,0.9209486166007905,973.0,3.8458498023715415,33.9,-118.21,1.023
5.2662,16.0,5.869337979094077,0.926829268292683,1770.0,3.083623693379791,37.31,-120.44,1.262
2.7621,33.0,4.745033112582782,0.9867549668874173,824.0,2.728476821192053,37.67,-120.98,1.091
5.6184,29.0,5.885416666666667,1.0069444444444444,1543.0,2.6788194444444446,34.24,-118.28,3.169
1.875,44.0,4.666666666666667,1.2083333333333333,504.0,5.25,33.99,-118.24,0.986
5.0635,16.0,6.573816155988858,0.9888579387186629,1034.0,2.8802228412256268,36.83,-119.77,1.085
1.4,20.0,5.9301533219761495,1.4310051107325383,1694.0,2.885860306643952,34.52,-116.9,0.777
5.1643,10.0,5.0757162346521145,1.0832196452933152,3571.0,2.4358799454297406,37.49,-121.92,1.931
2.1162,35.0,3.6227436823104693,1.0306859205776173,1513.0,2.7310469314079424,34.05,-118.31,2.292
6.1724,35.0,7.006359300476947,1.0389507154213036,3450.0,2.742448330683625,38.01,-122.59,4.143
4.3542,5.0,4.479820627802691,1.1210762331838564,1185.0,2.6569506726457397,33.57,-117.65,1.956
5.1538,23.0,6.781659388646288,0.9432314410480349,778.0,3.3973799126637556,32.61,-117.03,1.713
5.6558,38.0,6.154471544715447,1.008130081300813,319.0,2.5934959349593494,37.89,-122.07,2.633
5.5051,31.0,5.345549738219895,1.0,495.0,2.5916230366492146,34.11,-118.23,2.235
3.1985,20.0,3.5230296827021492,1.5619242579324462,1427.0,1.4605936540429887,33.63,-117.91,1.063
2.875,17.0,4.417040358744394,1.0448430493273542,811.0,3.6367713004484306,32.56,-117.05,1.345
2.3277,52.0,3.587557603686636,0.9769585253456221,1580.0,3.640552995391705,37.35,-121.87,1.837
1.82,19.0,16.52267818574514,4.105831533477322,1129.0,2.4384449244060473,34.4,-114.47,0.801
2.4595,36.0,4.343692870201097,0.9890310786106032,1505.0,2.7513711151736744,34.45,-119.28,1.976
7.7743,27.0,6.799373040752351,0.9561128526645768,905.0,2.8369905956112853,37.53,-122.35,4.531
3.93,52.0,4.781578947368421,1.181578947368421,948.0,2.4947368421052634,37.76,-122.46,3.9
3.5114,41.0,4.401273885350318,1.124203821656051,704.0,2.2420382165605095,37.68,-122.09,1.975
7.3681,38.0,6.815789473684211,0.9924812030075187,1350.0,2.537593984962406,37.43,-122.2,5.00001
2.1522,31.0,5.5422343324250685,1.2098092643051772,1097.0,2.989100817438692,34.94,-117.19,0.608
2.5556,29.0,3.9364864864864866,1.0635135135135134,3803.0,5.139189189189189,33.96,-118.17,1.465
8.1325,24.0,7.292020373514431,1.0449915110356536,3401.0,2.8870967741935485,34.17,-118.21,4.727
8.4476,21.0,7.538310412573674,1.1355599214145382,1509.0,2.9646365422396856,34.04,-118.85,5.00001
5.196,4.0,6.281354515050167,1.0936454849498327,7560.0,3.160535117056856,32.92,-117.18,2.107
4.1364,24.0,23.54736842105263,5.168421052631579,264.0,2.778947368421053,39.27,-120.04,1.545
6.994,27.0,7.159685863874346,0.9882198952879581,1916.0,2.507853403141361,37.99,-122.49,4.208
5.2421,40.0,5.330935251798561,0.988009592326139,1050.0,2.5179856115107913,37.43,-122.2,4.445
5.4791,35.0,5.595375722543353,0.9913294797687862,1008.0,2.913294797687861,33.86,-118.34,2.859
3.7273,21.0,4.664345403899722,1.0264623955431755,1952.0,2.7186629526462394,36.97,-121.98,2.519
3.4048,30.0,7.088541666666667,1.5208333333333333,628.0,1.6354166666666667,36.55,-121.94,4.871
3.9688,52.0,4.877593360995851,1.0248962655601659,1126.0,2.336099585062241,37.56,-122.31,3.569
7.8528,9.0,6.009174311926605,1.0091743119266054,222.0,2.036697247706422,34.15,-118.82,3.375
1.631,34.0,4.516312056737589,1.0950354609929078,2474.0,3.5092198581560283,34.02,-118.3,1.375
3.7731,38.0,5.491228070175438,0.9883040935672515,710.0,2.0760233918128654,38.57,-121.42,1.614
0.9946,30.0,3.3317073170731706,1.1219512195121952,920.0,2.2439024390243905,33.91,-118.08,1.599
5.0907,21.0,6.239971346704871,1.1060171919770774,3173.0,2.272922636103152,33.54,-117.75,3.782
2.4044,34.0,5.092936802973978,1.066914498141264,818.0,3.04089219330855,36.54,-119.87,0.725
1.8357,24.0,3.8771384136858478,1.077760497667185,1420.0,2.208398133748056,32.8,-116.96,1.042
3.9929,14.0,4.571047957371226,1.0497335701598578,3171.0,2.8161634103019537,33.73,-117.92,2.258
4.2344,34.0,5.137323943661972,0.977112676056338,1435.0,2.5264084507042255,34.1,-118.12,3.063
4.5417,33.0,5.708860759493671,0.9620253164556962,1079.0,4.552742616033755,34.06,-117.98,1.603
9.8177,22.0,8.088180112570356,0.9962476547842402,1426.0,2.675422138836773,33.72,-118.06,5.00001
1.9309,23.0,2.926829268292683,1.1162123385939742,2235.0,3.206599713055954,34.06,-118.29,2.333
7.7852,12.0,4.038922155688622,1.0449101796407185,536.0,1.6047904191616766,37.81,-122.4,2.5
5.1769,18.0,6.107806691449814,1.0520446096654275,1134.0,4.215613382899628,32.7,-117.02,1.33
2.2029,51.0,5.678403755868545,1.1408450704225352,1284.0,3.0140845070422535,36.76,-119.81,0.542
1.9355,37.0,3.743119266055046,1.1211009174311926,1698.0,3.1155963302752294,34.11,-118.2,1.663
2.45,52.0,3.976271186440678,0.9627118644067797,814.0,2.759322033898305,34.02,-118.31,1.114
2.8092,17.0,4.728395061728395,1.0576131687242798,583.0,2.39917695473251,38.66,-121.34,1.375
1.4497,25.0,2.7204176334106727,0.988399071925754,2860.0,3.3178654292343386,34.09,-118.3,2.056
5.9039,21.0,6.445414847161572,1.0436681222707425,2616.0,2.8558951965065504,37.03,-122.01,3.553
3.8819,39.0,5.5559701492537314,1.1343283582089552,700.0,2.611940298507463,34.44,-119.72,2.899
1.747,43.0,4.236,1.138,1266.0,2.532,33.96,-118.31,1.21
6.0672,26.0,5.172506738544475,1.091644204851752,953.0,2.568733153638814,33.99,-118.45,4.208
5.9196,27.0,8.852216748768473,1.6896551724137931,435.0,2.142857142857143,33.61,-117.91,5.00001
6.4095,28.0,5.80060422960725,0.9501510574018127,1883.0,2.8444108761329305,37.31,-121.98,3.359
2.3182,38.0,3.365432098765432,0.9753086419753086,1798.0,4.439506172839506,34.21,-118.38,1.712
2.2448,20.0,5.084033613445378,1.050420168067227,1665.0,4.663865546218488,36.7,-119.54,0.589
3.1711,35.0,6.147388059701493,1.044776119402985,1454.0,2.712686567164179,38.59,-121.31,1.019
2.0,17.0,7.289156626506024,1.9156626506024097,416.0,5.0120481927710845,37.31,-120.35,0.875
4.1939,44.0,4.936046511627907,0.9903100775193798,1577.0,3.056201550387597,37.71,-122.47,2.379
3.4306,35.0,4.966292134831461,1.0187265917602997,933.0,3.49438202247191,33.99,-118.1,1.625
3.6827,44.0,4.351464435146443,1.0230125523012552,1781.0,3.725941422594142,37.71,-122.42,2.153
2.0437,36.0,3.9643799472295513,1.017150395778364,2054.0,2.7097625329815305,34.04,-118.38,3.091
5.9275,37.0,5.829411764705882,0.9735294117647059,794.0,2.335294117647059,34.17,-118.43,3.369
5.0519,40.0,5.09453781512605,1.0262605042016806,1824.0,1.915966386554622,37.75,-122.43,3.561
3.2917,34.0,6.597444089456869,1.095846645367412,1041.0,3.3258785942492013,36.55,-119.53,1.115
2.1107,16.0,5.9106529209622,1.6254295532646048,1427.0,4.903780068728523,36.21,-121.12,0.762
1.7235,31.0,3.9306049822064058,1.1316725978647686,1314.0,2.3380782918149468,34.12,-117.27,0.788
1.3417,40.0,4.65979381443299,1.1237113402061856,412.0,4.247422680412371,37.94,-121.3,0.608
3.1753,27.0,5.134228187919463,1.0033557046979866,2212.0,2.4742729306487696,35.35,-119.04,0.85
2.7474,43.0,4.418952618453865,1.0523690773067331,1573.0,3.9226932668329177,37.58,-122.33,2.331
9.7912,44.0,7.036290322580645,0.9556451612903226,693.0,2.7943548387096775,34.13,-118.1,5.00001
4.0125,52.0,4.375621890547263,0.9626865671641791,980.0,2.4378109452736316,34.42,-119.72,2.61
3.1478,22.0,4.16583850931677,1.0788819875776396,2620.0,1.6273291925465838,34.17,-118.46,2.737
1.8849,16.0,4.536741214057508,0.9936102236421726,470.0,1.5015974440894568,33.22,-117.27,0.908
3.4167,36.0,5.19634703196347,1.0410958904109588,725.0,3.310502283105023,33.86,-117.99,1.872
6.58,25.0,7.704334365325077,0.9984520123839009,2061.0,3.1904024767801857,33.78,-117.82,3.185
1.9955,50.0,5.101010101010101,0.98989898989899,852.0,2.8686868686868685,36.75,-119.75,0.542
4.8304,39.0,5.523684210526316,1.0447368421052632,1500.0,3.9473684210526314,34.13,-118.13,4.932
5.34,9.0,4.69471488178025,1.0952712100139081,4240.0,2.9485396383866482,37.4,-121.88,2.574
5.4592,27.0,6.800884955752212,1.0,1223.0,2.7057522123893807,35.39,-118.94,1.391
6.2037,32.0,5.345132743362832,0.9557522123893806,314.0,2.7787610619469025,34.27,-118.35,2.054
3.705,33.0,5.191304347826087,0.9956521739130435,839.0,3.6478260869565218,34.27,-118.45,1.858
6.0199,49.0,5.752411575562701,0.9260450160771704,848.0,2.7266881028938905,34.12,-118.15,5.0
4.5,41.0,4.114558472553699,1.0692124105011933,1621.0,1.9343675417661097,33.77,-118.15,3.398
5.1781,3.0,7.107116104868914,1.0614232209737828,4095.0,3.067415730337079,38.39,-121.98,1.919
4.2404,28.0,6.144654088050315,1.0188679245283019,537.0,3.3773584905660377,34.44,-119.84,2.743
3.65,15.0,4.679577464788732,0.9929577464788732,1001.0,3.5246478873239435,34.25,-119.17,1.893
4.835,11.0,6.515513126491647,1.0250596658711217,2645.0,3.156324582338902,38.73,-120.91,2.306
2.2422,30.0,3.286052009456265,1.0803782505910164,1460.0,3.451536643026005,34.08,-118.31,2.545
2.8285,17.0,4.996610169491525,1.0677966101694916,2307.0,2.606779661016949,35.49,-120.66,1.713
2.2679,25.0,3.9716981132075473,0.9622641509433962,303.0,2.858490566037736,37.78,-120.85,0.713
2.9444,52.0,3.484848484848485,0.7651515151515151,525.0,1.9886363636363635,36.97,-122.01,2.328
6.0338,52.0,5.793427230046948,1.0469483568075117,543.0,2.5492957746478875,34.08,-118.37,4.237
2.3125,37.0,3.897727272727273,1.0363636363636364,2052.0,4.663636363636364,34.06,-118.19,1.161
1.1964,33.0,4.368932038834951,1.1941747572815533,236.0,2.29126213592233,37.98,-121.24,0.804
1.6382,36.0,4.027397260273973,1.0582191780821917,1267.0,4.339041095890411,34.0,-118.25,1.05
7.2731,4.0,8.861438679245284,1.34375,5613.0,3.3095518867924527,33.02,-117.15,4.504
3.707,29.0,5.08411214953271,1.0934579439252337,1632.0,3.8130841121495327,33.82,-117.96,1.804
2.2607,40.0,2.7309236947791167,1.0963855421686748,995.0,3.995983935742972,34.07,-118.26,1.656
5.4968,25.0,5.170098478066249,1.0286481647269472,2637.0,2.360787824529991,33.84,-118.38,3.798
2.5762,29.0,4.048703849175177,1.0950510604870385,3741.0,2.93872741555381,37.78,-122.28,1.734
2.9653,28.0,6.5546875,1.2578125,666.0,2.6015625,33.6,-114.65,0.949
10.0791,27.0,7.2682926829268295,1.0352303523035231,935.0,2.5338753387533877,37.91,-122.45,5.00001
3.2153,42.0,4.783382789317508,1.0504451038575668,1940.0,2.878338278931751,37.36,-121.91,1.997
2.3339,16.0,3.761658031088083,1.151986183074266,1192.0,2.058721934369603,38.01,-121.36,0.871
15.0001,47.0,8.592307692307692,1.0615384615384615,749.0,2.8807692307692307,34.13,-118.1,5.00001
2.9474,33.0,5.6058558558558556,1.2297297297297298,1857.0,4.1824324324324325,33.85,-117.93,1.784
5.2971,34.0,6.386430678466077,1.047197640117994,776.0,2.2890855457227137,37.37,-122.09,4.421
2.4708,22.0,5.645328719723183,1.3823529411764706,1384.0,2.394463667820069,41.13,-124.06,1.194
3.9566,35.0,5.068281938325991,1.02863436123348,2272.0,5.004405286343612,33.79,-117.99,1.678
3.9028,25.0,5.470967741935484,0.9870967741935484,436.0,2.8129032258064517,39.52,-121.49,0.938
6.8189,29.0,7.711388455538222,1.0514820592823713,1913.0,2.984399375975039,33.95,-117.95,3.793
4.0352,34.0,5.273684210526316,0.9263157894736842,731.0,2.5649122807017544,38.67,-121.34,1.185
2.6648,33.0,6.4541984732824424,1.1755725190839694,792.0,3.0229007633587788,36.34,-121.24,1.646
2.1136,40.0,3.5044510385756675,0.9940652818991098,1441.0,4.275964391691395,34.06,-118.2,1.118
6.5814,33.0,7.435448577680525,1.0940919037199124,1351.0,2.9562363238512037,37.87,-122.11,3.142
5.3625,7.0,5.97071129707113,1.0167364016736402,927.0,3.8786610878661087,32.93,-117.12,2.189
3.9236,52.0,5.4951644100580275,1.0,1372.0,2.653771760154739,37.74,-122.48,3.35
3.3438,34.0,5.057239057239057,0.9494949494949495,860.0,2.8956228956228958,38.36,-122.0,1.356
2.7434,37.0,4.801204819277109,1.144578313253012,485.0,2.9216867469879517,33.89,-118.22,0.952
2.0809,52.0,5.631004366812227,1.0786026200873362,1558.0,3.4017467248908297,34.0,-118.29,1.096
5.8369,19.0,7.145374449339207,0.9889867841409692,1174.0,2.5859030837004404,38.48,-122.64,2.557
4.8088,19.0,6.297087378640777,1.0601941747572816,1334.0,2.5902912621359224,38.66,-121.23,1.695
4.6167,13.0,6.221052631578948,1.1078947368421053,1257.0,3.307894736842105,35.06,-120.61,2.731
3.4732,52.0,5.962864721485412,1.1193633952254642,870.0,2.3076923076923075,37.89,-122.29,2.462
4.1375,16.0,6.214452214452215,1.048951048951049,1203.0,2.804195804195804,35.49,-120.69,2.224
3.1968,39.0,5.068965517241379,0.9386973180076629,705.0,2.7011494252873565,37.97,-122.04,1.51
4.6328,30.0,5.064766839378239,1.005181347150259,999.0,2.588082901554404,37.35,-121.97,2.871
4.7344,29.0,6.444155844155844,0.9948051948051948,1188.0,3.085714285714286,34.04,-117.31,1.346
3.875,32.0,6.52808988764045,1.101123595505618,563.0,3.162921348314607,33.86,-118.0,2.03
1.6047,10.0,4.8669950738916254,1.09688013136289,1853.0,3.0426929392446636,34.58,-117.41,0.734
4.1458,35.0,5.141486810551559,1.014388489208633,1192.0,2.8585131894484412,33.89,-118.31,2.315
3.2292,52.0,7.075313807531381,1.2594142259414225,618.0,2.585774058577406,36.47,-120.95,2.25
2.6397,23.0,4.098550724637681,1.0579710144927537,889.0,2.5768115942028986,34.39,-119.52,2.5
2.0227,21.0,4.791666666666667,1.0972222222222223,1260.0,2.1875,37.66,-120.97,1.798
3.0147,13.0,5.938186813186813,1.401098901098901,2566.0,3.5247252747252746,38.46,-122.75,1.428
2.0135,21.0,4.53030303030303,1.0469696969696969,2108.0,3.193939393939394,33.79,-116.96,0.83
9.1531,25.0,5.811764705882353,0.9529411764705882,254.0,2.988235294117647,37.74,-121.77,4.188
5.7385,28.0,5.538775510204082,1.0244897959183674,1389.0,2.8346938775510204,37.25,-121.9,2.404
3.5313,31.0,4.7301204819277105,1.0120481927710843,1494.0,3.6,34.2,-118.55,2.118
3.38,28.0,4.064233576642335,1.0744525547445256,1534.0,2.2394160583941605,37.58,-122.33,2.854
2.1061,16.0,4.638151425762045,1.1002949852507375,3589.0,3.529006882989184,37.39,-120.59,0.728
1.7431,52.0,5.0398550724637685,1.039855072463768,632.0,2.289855072463768,34.95,-120.42,1.315
1.8661,24.0,4.984520123839009,1.0030959752321982,909.0,2.8142414860681115,39.52,-121.61,0.598
2.2527,18.0,4.528712871287128,1.0574257425742575,1339.0,2.6514851485148516,36.95,-120.05,0.652
4.918,36.0,6.169491525423729,1.0610169491525423,899.0,3.047457627118644,33.83,-118.11,2.252
5.0123,35.0,5.451807228915663,0.9578313253012049,1164.0,3.5060240963855422,34.09,-117.92,1.657
3.225,35.0,6.570093457943925,1.0934579439252337,290.0,2.710280373831776,38.04,-121.19,1.771
5.7389,35.0,6.010767160161508,0.9959623149394348,2134.0,2.8721399730820996,33.78,-118.1,2.518
4.0694,16.0,5.651408450704225,0.9929577464788732,866.0,3.0492957746478875,37.36,-120.63,1.102
3.6449,32.0,5.8828125,1.029296875,1288.0,2.515625,37.97,-122.01,2.115
3.3906,42.0,5.416974169741698,1.03690036900369,571.0,2.107011070110701,38.53,-121.49,1.242
3.9699,14.0,5.375397667020149,1.0335807705903146,6301.0,2.2272887946270767,34.23,-118.96,2.17
5.25,16.0,7.099337748344371,1.0242825607064017,1504.0,3.3200883002207506,38.0,-121.86,1.617
5.3098,22.0,5.589147286821706,0.9069767441860465,367.0,2.8449612403100777,38.0,-121.88,1.519
3.6202,34.0,4.382035928143712,1.102994011976048,1338.0,1.6023952095808383,34.15,-118.36,3.661
5.4349,33.0,6.294444444444444,1.0138888888888888,952.0,2.6444444444444444,32.98,-115.55,1.43
4.3458,21.0,5.660433070866142,1.06496062992126,2230.0,2.1948818897637796,34.24,-118.55,4.075
2.1979,16.0,6.166666666666667,1.121212121212121,704.0,2.1333333333333333,34.77,-118.19,1.464
4.962,20.0,24.532894736842106,4.0394736842105265,365.0,2.401315789473684,39.24,-120.07,1.695
2.6352,12.0,5.633967789165447,1.0087847730600292,2008.0,2.939970717423133,40.32,-122.34,0.922
2.8553,52.0,4.664652567975831,1.0981873111782476,1636.0,2.471299093655589,37.78,-122.46,3.607
6.3298,16.0,5.618491921005386,0.9856373429084381,3785.0,3.3976660682226214,33.7,-117.79,2.471
3.7422,16.0,5.042124542124542,1.054945054945055,857.0,1.5695970695970696,33.61,-117.74,2.298
1.9038,35.0,4.1550802139037435,1.018716577540107,1487.0,3.9759358288770055,34.08,-118.19,1.395
5.5321,43.0,5.153766769865841,1.0908152734778123,1830.0,1.888544891640867,34.06,-118.41,5.00001
4.0,13.0,4.935185185185185,0.9837962962962963,1345.0,3.113425925925926,32.68,-117.04,0.893
3.15,52.0,4.765714285714286,1.062857142857143,494.0,2.822857142857143,37.86,-122.27,2.063
4.75,35.0,5.626984126984127,1.1031746031746033,1247.0,3.298941798941799,33.86,-117.94,1.856
1.5174,43.0,4.609004739336493,0.9786729857819905,1492.0,3.5355450236966823,36.76,-119.77,0.546
6.6188,32.0,6.567368421052632,1.0252631578947369,2615.0,2.7526315789473683,33.75,-118.09,3.8
6.4745,8.0,8.052173913043479,1.085217391304348,2048.0,3.5617391304347827,32.73,-116.91,3.003
3.2569,14.0,5.438818565400844,1.1687763713080168,693.0,2.9240506329113924,34.72,-120.27,2.308
3.0491,41.0,4.3383947939262475,1.052060737527115,1439.0,3.121475054229935,34.19,-118.39,1.92
3.6154,5.0,4.193548387096774,0.9919354838709677,1037.0,2.7876344086021505,38.02,-121.9,1.818
2.1542,17.0,7.045045045045045,1.554054054054054,517.0,2.328828828828829,41.01,-123.52,0.838
2.1136,23.0,4.1625,0.8875,580.0,3.625,32.8,-115.55,0.61
5.4533,33.0,5.837628865979381,0.9432989690721649,986.0,2.5412371134020617,33.73,-118.31,4.098
1.625,48.0,2.31055900621118,1.0848861283643891,1610.0,3.3333333333333335,34.1,-118.33,2.375
4.2708,45.0,5.121387283236994,0.953757225433526,492.0,2.8439306358381504,37.48,-122.19,2.67
1.3194,19.0,4.244230769230769,1.0865384615384615,1481.0,2.848076923076923,37.75,-122.19,0.814
3.4044,18.0,6.171232876712328,1.1369863013698631,945.0,3.2363013698630136,36.68,-119.41,1.153
6.8145,9.0,9.263598326359833,1.0711297071129706,848.0,3.5481171548117154,37.95,-122.0,3.392
3.3889,32.0,4.0864864864864865,1.0594594594594595,1323.0,1.787837837837838,34.03,-118.47,3.479
4.1812,17.0,4.8076923076923075,0.9188034188034188,1218.0,2.6025641025641026,36.33,-119.34,0.937
5.5737,35.0,5.430379746835443,0.9873417721518988,914.0,2.892405063291139,37.56,-122.02,2.145
5.7837,23.0,6.607940446650124,1.066997518610422,1499.0,3.7196029776674937,33.79,-118.01,2.58
3.855,18.0,4.770029673590504,1.0474777448071217,2897.0,2.1491097922848663,34.17,-118.53,2.438
6.6633,10.0,6.289272030651341,1.053639846743295,2491.0,4.772030651340996,37.33,-121.79,2.837
5.9143,35.0,6.350230414746544,1.1382488479262673,645.0,2.9723502304147464,33.83,-118.36,3.434
2.3214,6.0,4.0710382513661205,1.0491803278688525,2833.0,3.096174863387978,33.36,-117.25,2.47
3.1375,32.0,4.809379727685325,1.0015128593040847,1878.0,2.841149773071104,34.11,-117.38,1.012
4.8155,24.0,6.631961259079903,1.0024213075060533,1171.0,2.835351089588378,34.96,-120.43,1.629
5.9265,36.0,6.199546485260771,1.0158730158730158,1308.0,2.9659863945578233,33.83,-118.09,2.273
4.1375,38.0,5.095070422535211,1.0316901408450705,1042.0,3.6690140845070425,34.03,-118.14,2.115
8.3337,24.0,7.915,1.06,1081.0,2.7025,37.66,-121.93,5.00001
2.5195,23.0,3.331476323119777,1.0041782729805013,3074.0,4.281337047353761,36.9,-121.73,1.369
4.9766,24.0,5.841558441558441,0.9844155844155844,1015.0,2.6363636363636362,33.91,-117.91,2.671
4.25,39.0,5.925764192139738,1.0873362445414847,763.0,3.331877729257642,33.82,-118.27,2.003
7.52,16.0,7.070769230769231,1.0846153846153845,1480.0,2.276923076923077,37.83,-122.16,3.702
1.7284,29.0,4.362,1.053,2053.0,2.053,39.75,-121.84,0.745
2.0547,13.0,4.867783985102421,1.2104283054003724,1949.0,3.629422718808194,34.58,-118.12,1.026
2.442,30.0,5.102915951972555,1.0874785591766725,1367.0,2.3447684391080617,40.77,-124.19,0.69
5.2851,36.0,6.138571428571429,1.0242857142857142,2038.0,2.9114285714285715,33.94,-117.98,2.588
3.5109,21.0,3.7156398104265405,1.0710900473933649,801.0,1.8981042654028435,33.72,-118.29,2.25
3.8586,34.0,5.385126162018592,0.9814077025232404,2470.0,3.2802124833997346,34.07,-117.69,1.36
3.2723,9.0,6.34640522875817,1.1398692810457516,2098.0,2.742483660130719,34.09,-116.4,0.978
5.7373,12.0,5.6594827586206895,0.9956896551724138,731.0,3.1508620689655173,38.63,-120.84,2.083
1.7857,25.0,5.019354838709678,0.8709677419354839,340.0,2.193548387096774,38.81,-121.58,2.583
5.3441,21.0,7.005,1.03,1620.0,2.7,32.81,-117.01,1.935
4.625,19.0,6.155709342560554,1.0173010380622838,1439.0,2.48961937716263,33.01,-117.05,2.111
3.3616,13.0,5.896240601503759,1.1338345864661654,1902.0,2.8601503759398494,33.97,-116.52,0.896
2.3906,27.0,5.27027027027027,1.0225225225225225,660.0,2.972972972972973,37.59,-120.69,0.818
6.2817,25.0,6.65625,0.9484375,1635.0,2.5546875,38.6,-121.33,2.882
4.0417,25.0,4.911931818181818,1.0880681818181819,769.0,2.184659090909091,37.53,-122.33,4.585
2.6777,35.0,4.036565977742448,1.0508744038155804,1308.0,2.079491255961844,32.76,-117.14,1.464
2.9028,11.0,4.013207547169811,1.0962264150943397,1989.0,3.7528301886792454,34.22,-118.37,1.741
3.3689,32.0,5.945185185185185,1.0740740740740742,2032.0,3.0103703703703704,38.49,-121.5,0.834
6.005,30.0,6.657794676806084,1.0228136882129277,731.0,2.779467680608365,37.7,-122.09,2.639
2.2115,20.0,7.768115942028985,1.736231884057971,918.0,2.6608695652173915,40.88,-123.53,0.75
3.4801,52.0,3.977154724818276,1.185877466251298,1310.0,1.3603322949117342,37.8,-122.44,5.00001
2.505,11.0,5.459047619047619,1.2457142857142858,1404.0,2.6742857142857144,38.03,-121.3,0.95
2.3,42.0,5.285266457680251,1.1316614420062696,737.0,2.310344827586207,33.96,-118.33,1.892
5.0758,35.0,6.378,1.054,1727.0,3.454,34.05,-117.91,2.111
3.7143,52.0,4.859154929577465,0.9577464788732394,847.0,2.982394366197183,37.72,-122.44,2.6
2.8583,19.0,4.100358422939068,0.9605734767025089,365.0,1.3082437275985663,33.62,-117.72,1.058
8.583,5.0,7.2727272727272725,1.0995670995670996,617.0,2.670995670995671,33.49,-117.71,3.977
8.2004,32.0,8.2491961414791,1.0691318327974277,1877.0,3.017684887459807,34.15,-118.05,5.00001
1.7222,15.0,5.7489539748953975,1.217573221757322,709.0,2.9665271966527196,38.83,-120.79,1.185
2.316,35.0,4.100467289719626,1.0420560747663552,1453.0,3.3948598130841123,33.88,-117.57,1.194
0.9705,42.0,3.8,1.06,411.0,4.11,33.94,-118.24,0.9
2.3125,38.0,3.3943661971830985,1.0766823161189358,3036.0,4.751173708920188,33.94,-118.36,1.485
8.1844,22.0,7.817073170731708,1.0463414634146342,1083.0,2.6414634146341465,32.81,-117.23,4.063
5.6305,26.0,6.980676328502415,1.178743961352657,510.0,2.463768115942029,38.07,-122.68,4.3
6.6842,25.0,6.77859778597786,1.0258302583025831,1006.0,3.7121771217712176,37.41,-121.85,2.653
3.1729,45.0,5.2196428571428575,1.0785714285714285,1903.0,3.398214285714286,34.14,-118.08,2.187
3.25,36.0,4.211136890951276,0.988399071925754,1280.0,2.9698375870069604,37.68,-122.07,2.181
3.7813,43.0,4.752321981424148,1.0340557275541795,1240.0,1.9195046439628483,33.76,-118.12,4.615
6.5319,36.0,6.281622911694511,1.0739856801909309,2038.0,4.863961813842482,32.72,-117.25,3.458
5.653,25.0,7.043388429752066,1.0185950413223142,1699.0,3.510330578512397,34.27,-118.73,2.258
4.9167,33.0,6.454545454545454,1.0909090909090908,91.0,2.757575757575758,38.25,-122.24,1.875
3.3542,10.0,28.112903225806452,5.604838709677419,298.0,2.403225806451613,38.29,-120.27,1.038
2.6774,31.0,5.00392927308448,1.0510805500982319,1579.0,3.1021611001964637,38.69,-121.78,0.958
1.7813,33.0,4.356435643564357,1.0,1048.0,3.458745874587459,39.13,-123.16,0.947
2.2604,17.0,6.016,1.432,661.0,2.644,38.35,-120.57,0.848
1.3071,51.0,2.647294589178357,1.1022044088176353,781.0,1.565130260521042,32.72,-117.15,2.5
2.1682,35.0,5.26,1.0075,1060.0,2.65,38.76,-120.67,1.381
3.0263,10.0,5.3125,1.0625,620.0,2.5833333333333335,37.32,-120.49,1.183
2.9,19.0,6.183510638297872,1.1436170212765957,967.0,2.5718085106382977,38.75,-120.7,1.587
3.7887,52.0,4.926724137931035,1.110632183908046,1584.0,2.2758620689655173,37.78,-122.46,5.00001
3.6786,11.0,6.1975903614457835,1.0939759036144578,1402.0,3.378313253012048,36.09,-119.06,0.729
7.2929,17.0,6.531120331950207,1.0871369294605808,672.0,2.788381742738589,37.53,-122.51,3.558
5.4091,22.0,6.819182389937107,1.0581761006289307,2347.0,3.690251572327044,34.26,-118.74,2.224
5.9285,17.0,6.513064133016627,1.0475059382422802,986.0,2.342042755344418,37.45,-122.26,4.96
4.0,38.0,4.391044776119403,0.982089552238806,1207.0,3.6029850746268655,33.8,-118.28,1.655
2.1509,16.0,4.264227642276423,1.1341463414634145,1252.0,2.5447154471544717,34.93,-120.44,0.675
6.7718,19.0,5.251173708920188,1.016431924882629,1158.0,2.7183098591549295,37.36,-122.0,3.683
5.1675,52.0,6.398692810457517,1.1437908496732025,374.0,2.4444444444444446,37.89,-122.29,2.706
2.1964,30.0,2.3439153439153437,0.8994708994708994,903.0,4.777777777777778,33.93,-118.22,1.25
2.9844,32.0,5.322033898305085,0.8983050847457628,682.0,2.889830508474576,37.48,-120.96,1.359
3.0721,37.0,5.579775280898876,1.0314606741573034,1072.0,2.4089887640449437,37.67,-121.01,1.081
4.0288,35.0,5.333333333333333,0.9868421052631579,893.0,3.9166666666666665,33.86,-117.93,1.84
1.4766,23.0,4.143947655398037,1.0937840785169028,3786.0,4.128680479825518,36.76,-119.76,0.506
2.7128,26.0,5.492392807745505,1.1106500691562933,1792.0,2.4785615491009683,35.13,-120.62,2.099
6.8667,24.0,7.321739130434783,1.008695652173913,781.0,3.3956521739130436,33.6,-117.66,2.796
2.8631,20.0,4.401209677419355,1.0766129032258065,999.0,2.0141129032258065,32.79,-117.09,1.697
5.3238,8.0,7.831597738768224,1.211544183278786,9360.0,2.784885450758703,33.68,-117.27,2.289
1.5029,20.0,3.5923809523809522,1.1161904761904762,1134.0,2.16,32.75,-117.08,1.0
4.1161,49.0,5.406417112299465,1.0338680926916222,1284.0,2.2887700534759357,34.17,-118.34,2.325
2.0952,27.0,3.412903225806452,1.0258064516129033,193.0,1.2451612903225806,33.76,-118.08,0.713
4.9236,5.0,5.682619647355164,1.057934508816121,1246.0,3.138539042821159,37.73,-121.06,1.559
8.203,21.0,7.595463137996219,1.0132325141776937,1508.0,2.850661625708885,34.26,-118.55,4.454
4.09,44.0,4.719424460431655,1.0035971223021583,668.0,2.402877697841727,34.27,-119.27,2.038
2.1378,39.0,3.7617834394904457,1.1184713375796178,1379.0,1.756687898089172,33.77,-118.17,1.804
4.5,24.0,5.6282306163021865,0.9980119284294234,1462.0,2.9065606361829026,38.28,-122.26,1.583
2.6875,22.0,5.889688249400479,1.1894484412470023,1720.0,4.124700239808154,36.77,-119.69,0.606
6.8753,26.0,6.987288135593221,0.9745762711864406,1241.0,2.6292372881355934,37.36,-122.04,4.03
3.244,38.0,4.494949494949495,1.0101010101010102,481.0,2.4292929292929295,37.71,-122.17,1.798
2.7625,52.0,4.391534391534392,1.0582010582010581,701.0,3.708994708994709,34.07,-118.26,2.321
5.0424,45.0,5.540350877192982,0.9754385964912281,687.0,2.4105263157894736,33.83,-118.12,2.259
3.1375,52.0,4.819018404907975,1.0705521472392638,693.0,2.125766871165644,37.89,-122.29,2.291
2.2115,19.0,5.242816091954023,1.0847701149425288,1717.0,2.4669540229885056,33.74,-116.96,0.876
3.4074,16.0,5.960251046025105,1.0585774058577406,1508.0,3.1548117154811717,36.8,-119.84,0.727
2.0903,34.0,7.612359550561798,1.4719101123595506,434.0,2.438202247191011,41.79,-120.08,0.561
2.3674,20.0,2.7405541561712847,1.0478589420654911,2919.0,2.4508816120906802,34.07,-118.31,5.00001
4.4081,39.0,4.657360406091371,0.983502538071066,1519.0,1.9276649746192893,37.94,-122.54,4.352
3.5278,32.0,3.878524945770065,0.9956616052060737,1131.0,2.453362255965293,33.88,-118.13,1.661
3.3438,13.0,3.9222972972972974,0.9763513513513513,630.0,2.1283783783783785,33.69,-117.8,3.333
3.55,36.0,4.654320987654321,0.9654320987654321,1049.0,2.5901234567901232,33.85,-118.13,2.128
4.875,42.0,5.347985347985348,1.0586080586080586,829.0,3.0366300366300365,34.09,-118.1,2.273
3.8542,30.0,6.249363867684479,0.9923664122137404,1022.0,2.600508905852417,32.8,-117.18,1.985
3.163,26.0,4.267241379310345,0.9612068965517241,719.0,3.0991379310344827,34.27,-118.71,1.794
6.1001,29.0,7.023529411764706,1.035294117647059,474.0,2.788235294117647,33.83,-117.96,2.989
3.5588,37.0,4.267515923566879,1.0254777070063694,621.0,1.9777070063694266,37.97,-122.53,2.688
4.4472,18.0,5.445179584120983,1.0047258979206048,2763.0,2.611531190926276,34.04,-117.25,1.611
2.9583,50.0,5.380281690140845,1.1173708920187793,579.0,2.7183098591549295,33.98,-118.06,1.726
5.4493,6.0,5.772687986171133,1.0060501296456352,3196.0,2.762316335350043,34.33,-118.83,2.426
3.1513,10.0,6.096470588235294,1.143529411764706,1255.0,2.9529411764705884,33.71,-117.34,1.543
2.8289,15.0,3.3503937007874014,1.169291338582677,1326.0,5.2204724409448815,33.76,-117.86,1.175
4.9286,39.0,4.898360655737705,0.9918032786885246,1466.0,2.40327868852459,33.93,-118.42,3.414
1.8333,52.0,3.1555555555555554,1.0444444444444445,137.0,3.0444444444444443,34.03,-118.24,3.125
6.9741,16.0,6.7676240208877285,0.9712793733681462,1279.0,3.339425587467363,33.64,-117.69,2.62
3.0125,52.0,4.941780821917808,1.0650684931506849,660.0,2.26027397260274,37.83,-122.26,1.844
3.625,28.0,3.9756888168557536,1.0502431118314424,1082.0,1.753646677471637,32.79,-117.23,2.667
2.5129,15.0,4.826530612244898,1.0979591836734695,1446.0,2.951020408163265,35.27,-120.65,2.259
3.3906,35.0,4.88,1.0552380952380953,1398.0,2.662857142857143,37.7,-122.18,1.789
2.5743,9.0,6.587012987012987,1.2961038961038962,832.0,2.161038961038961,34.59,-120.14,3.098
3.75,22.0,4.162118780096308,1.0224719101123596,1249.0,2.004815409309791,37.29,-121.94,2.125
2.478,16.0,3.838763575605681,1.1203007518796992,2849.0,2.3801169590643276,33.17,-117.35,1.856
5.3912,35.0,5.82018927444795,1.025236593059937,1343.0,4.236593059936909,37.4,-121.99,2.353
6.0115,3.0,5.533980582524272,1.0563106796116506,1024.0,1.9883495145631067,37.98,-122.33,1.75
3.0437,20.0,3.860805860805861,0.9853479853479854,1219.0,4.465201465201465,36.42,-121.32,0.766
4.4637,31.0,5.88735632183908,0.9517241379310345,1204.0,2.767816091954023,34.11,-117.62,1.928
4.3456,18.0,4.997311827956989,1.0080645161290323,913.0,2.454301075268817,34.58,-118.38,1.489
3.7235,48.0,4.662393162393163,1.0085470085470085,632.0,2.700854700854701,34.11,-118.16,2.636
6.1593,41.0,6.2154696132596685,1.0773480662983426,356.0,1.9668508287292819,37.89,-122.25,3.44
3.5573,21.0,4.104494382022472,1.0741573033707865,1510.0,1.696629213483146,34.07,-118.38,5.00001
3.9674,52.0,4.542253521126761,1.0746478873239436,1559.0,2.195774647887324,34.09,-118.27,2.688
6.6199,18.0,6.666201117318436,1.0377094972067038,1970.0,2.7513966480446927,32.96,-117.25,4.062
2.5651,27.0,3.7947454844006567,1.0377668308702792,2936.0,4.821018062397373,33.75,-117.85,1.714
4.0653,14.0,3.850920245398773,1.0687116564417178,3025.0,1.8558282208588956,37.3,-121.93,2.342
1.5774,31.0,5.391379310344828,1.1448275862068966,1345.0,2.3189655172413794,40.14,-120.94,0.58
3.75,16.0,4.93646408839779,0.9972375690607734,1446.0,3.994475138121547,33.17,-117.21,1.638
4.0,33.0,5.002347417840376,1.0211267605633803,2045.0,4.800469483568075,33.89,-118.08,1.457
5.1242,52.0,5.570909090909091,1.0618181818181818,631.0,2.2945454545454544,34.17,-118.25,3.729
3.8056,21.0,5.881516587677726,1.1753554502369667,746.0,3.5355450236966823,34.47,-120.05,4.25
1.712,36.0,6.307228915662651,1.2891566265060241,651.0,3.9216867469879517,37.75,-122.18,0.821
3.6597,29.0,6.140319715808171,1.241563055062167,1327.0,2.3570159857904085,36.95,-121.92,2.523
2.3266,43.0,4.478823529411764,1.12,1484.0,1.7458823529411764,38.58,-121.47,1.375
1.7159,43.0,4.121580547112462,1.012158054711246,796.0,2.419452887537994,34.02,-118.36,1.897
4.0357,36.0,5.103448275862069,1.0344827586206897,946.0,4.077586206896552,33.96,-118.1,1.625
3.6974,10.0,4.348530901722391,1.089159067882472,2719.0,2.7548125633232017,34.18,-118.29,2.866
3.9818,19.0,5.335106382978723,1.077659574468085,3251.0,3.4585106382978723,36.71,-121.63,1.529
2.6583,52.0,4.310204081632653,0.9142857142857143,792.0,3.23265306122449,37.78,-122.21,1.426
5.1512,28.0,6.267716535433071,1.146981627296588,1015.0,2.664041994750656,38.42,-122.89,2.683
2.5625,15.0,5.341463414634147,1.0452961672473868,674.0,2.3484320557491287,38.75,-120.86,1.461
4.0966,20.0,5.780068728522337,1.0171821305841924,706.0,2.4261168384879723,33.94,-117.37,1.401
3.9485,32.0,4.571428571428571,0.974025974025974,565.0,2.445887445887446,33.9,-118.35,2.3
4.1548,32.0,5.222585924713584,1.0376432078559739,1718.0,2.811783960720131,33.79,-118.03,2.166
2.6458,41.0,4.710743801652892,1.115702479338843,466.0,3.8512396694214877,33.93,-118.27,0.913
2.9196,33.0,4.824528301886793,1.090566037735849,1715.0,3.2358490566037736,34.09,-118.08,2.088
2.6573,29.0,3.4511278195488724,1.0776942355889725,969.0,2.4285714285714284,37.31,-121.93,2.528
3.3725,16.0,3.9818031430934657,1.142266335814723,1897.0,1.5690653432588917,34.07,-118.38,3.75
3.8343,38.0,5.3552238805970145,1.0417910447761194,810.0,2.417910447761194,37.94,-122.31,1.914
4.375,38.0,4.8977272727272725,1.0113636363636365,484.0,2.75,33.99,-118.06,1.862
2.6818,41.0,4.680851063829787,1.127659574468085,389.0,4.138297872340425,36.86,-121.42,2.25
1.9093,13.0,4.779327317473339,1.1575061525840853,2244.0,1.840853158326497,38.68,-121.33,1.429
1.9167,52.0,4.262903225806451,1.0096774193548388,1212.0,1.9548387096774194,37.85,-122.26,1.592
5.2078,30.0,6.3323170731707314,1.0426829268292683,816.0,2.4878048780487805,37.0,-122.03,4.405
1.7422,21.0,5.011299435028248,1.0451977401129944,875.0,2.4717514124293785,40.69,-122.38,0.615
4.2227,30.0,5.698060941828255,1.0290858725761773,1994.0,2.7617728531855956,38.01,-121.89,1.344
2.3542,40.0,3.8504273504273505,1.0598290598290598,2096.0,4.478632478632479,33.9,-118.22,0.979
3.4625,52.0,4.953271028037383,1.1214953271028036,1127.0,3.5109034267912773,34.12,-118.21,1.739
5.1345,27.0,5.5,0.9741784037558685,1537.0,3.607981220657277,33.75,-117.98,2.106
3.7813,21.0,4.615176151761518,0.907859078590786,902.0,2.4444444444444446,32.81,-117.22,3.625
3.6667,38.0,5.182222222222222,0.9911111111111112,584.0,2.5955555555555554,38.42,-122.86,2.444
1.3365,26.0,4.556213017751479,1.014792899408284,1007.0,2.9792899408284024,37.94,-122.36,0.729
4.3222,15.0,6.361247216035634,1.1184855233853006,7540.0,3.3585746102449887,33.91,-117.43,1.38
4.575,36.0,4.9879154078549846,1.039274924471299,1062.0,3.2084592145015107,37.37,-121.98,2.154
3.2307,25.0,3.757716049382716,1.0578703703703705,3518.0,2.7145061728395063,34.09,-118.12,1.884
4.3889,52.0,4.290064102564102,1.0288461538461537,1144.0,1.8333333333333333,33.76,-118.14,3.78
7.6775,21.0,7.526315789473684,0.9959514170040485,2982.0,3.0182186234817814,34.24,-119.06,3.912
5.7621,9.0,6.490666666666667,0.984,2036.0,2.7146666666666666,38.5,-121.55,2.046
2.7993,37.0,4.422062350119904,0.9160671462829736,1634.0,3.918465227817746,37.47,-122.15,1.455
2.6442,31.0,4.391812865497076,1.0730994152046784,1514.0,4.426900584795321,33.21,-117.38,1.033
5.5787,42.0,6.306451612903226,1.0806451612903225,602.0,3.236559139784946,33.93,-118.31,1.42
3.0549,7.0,5.196351931330472,1.0643776824034334,2223.0,2.3851931330472103,40.58,-122.34,1.017
1.7321,44.0,4.919540229885057,1.0651340996168583,925.0,3.5440613026819925,34.16,-118.16,1.784
2.9094,39.0,4.017045454545454,1.0965909090909092,1991.0,3.7708333333333335,33.95,-118.18,1.522
3.665,52.0,4.088235294117647,0.8529411764705882,523.0,3.0764705882352943,34.07,-118.14,2.204
6.1265,22.0,6.759557344064386,1.0744466800804828,2843.0,2.8601609657947686,37.73,-121.94,2.603
4.1151,22.0,5.297491039426523,1.1505376344086022,1342.0,2.4050179211469533,33.77,-117.83,2.032
5.2881,17.0,6.573389651531151,0.9904963041182682,3064.0,3.235480464625132,38.56,-121.36,1.38
1.0568,16.0,7.8427672955974845,1.9811320754716981,433.0,2.7232704402515724,34.52,-116.73,0.75
2.9081,36.0,5.095022624434389,1.0588235294117647,1117.0,2.5271493212669682,36.77,-119.82,0.656
1.7038,13.0,2.6158357771260996,1.0703812316715542,2158.0,3.164222873900293,34.04,-118.27,1.181
2.3267,12.0,5.016483516483516,1.2678571428571428,1677.0,2.3035714285714284,33.14,-117.19,0.92
5.5198,14.0,6.559751037344398,1.0311203319502074,7363.0,3.055186721991701,34.14,-117.61,2.456
5.0044,38.0,6.0251572327044025,1.2720125786163523,1332.0,2.0943396226415096,33.48,-117.76,3.812
1.7935,20.0,5.628571428571429,1.1904761904761905,512.0,2.4380952380952383,40.75,-122.56,0.745
5.5224,24.0,4.285714285714286,1.1700680272108843,257.0,1.748299319727891,34.09,-118.37,4.0
4.89,9.0,7.261061946902655,1.4557522123893805,1720.0,1.9026548672566372,33.46,-117.74,4.541
3.8465,17.0,5.134993446920053,1.0642201834862386,4419.0,2.895806028833552,34.1,-117.84,1.807
2.5848,52.0,3.8996960486322187,1.0395136778115501,1363.0,4.142857142857143,33.99,-118.28,1.019
3.4187,17.0,10.053140096618357,2.3357487922705316,889.0,2.1473429951690823,39.01,-122.75,2.005
8.2653,4.0,7.231265108783239,1.0217566478646254,3754.0,3.024979854955681,33.79,-117.76,3.74
2.25,31.0,3.5585585585585586,1.0855855855855856,1095.0,4.9324324324324325,34.28,-119.14,0.75
2.7232,12.0,7.289308176100629,1.3144654088050314,523.0,3.289308176100629,33.84,-117.26,1.232
5.2533,40.0,4.07488986784141,1.118942731277533,371.0,1.6343612334801763,33.88,-118.41,5.00001
2.1513,43.0,4.407166123778501,1.0863192182410424,1531.0,2.493485342019544,32.73,-117.13,1.45
2.3778,35.0,5.0954773869346734,1.1457286432160805,972.0,2.442211055276382,34.16,-117.28,0.907
4.125,32.0,6.151282051282052,0.9846153846153847,1199.0,3.0743589743589745,34.2,-118.86,2.646
3.8616,8.0,6.19,1.088,2967.0,2.967,38.55,-122.82,1.951
4.0972,52.0,2.1481481481481484,1.9259259259259258,41.0,1.5185185185185186,34.05,-118.26,5.00001
5.2519,50.0,4.759191176470588,1.0459558823529411,945.0,1.7371323529411764,37.76,-122.44,3.766
0.8172,52.0,6.102459016393443,1.3729508196721312,728.0,2.9836065573770494,37.82,-122.28,0.853
